-- 测试数据：传感器信息
INSERT INTO `sensor_info` (`sensor_id`, `sensor_name`, `sensor_type`, `model_number`, `manufacturer`,
                           `measurement_range`, `accuracy`, `protocol_type`, `connection_params`,
                           `installation_location`, `installation_date`, `calibration_date`, `next_calibration_date`,
                           `status`, `remark`, `create_by`, `create_time`, `update_by`, `update_time`)
VALUES (1001, '主轴扭矩传感器A01', '扭矩传感器', 'TM-1000A', '扭矩科技有限公司', '0-1000N·m', '±0.5%', 'MODBUS',
        '{"ip":"192.168.1.101","port":502,"slaveid":1}', '主轴箱', '2023-01-01 00:00:00', '2023-01-02 00:00:00',
        '2024-01-02 00:00:00', '0', '主要监测主轴的扭矩变化', 'admin', now(), '', NULL),
       (1002, '减速机扭矩传感器B01', '扭矩传感器', 'TM-500B', '扭矩科技有限公司', '0-500N·m', '±0.2%', 'MODBUS',
        '{"ip":"192.168.1.102","port":502,"slaveid":2}', '减速机输出轴', '2023-01-03 00:00:00', '2023-01-04 00:00:00',
        '2024-01-04 00:00:00', '0', '监测减速机的输出扭矩', 'admin', now(), '', NULL),
       (1003, '联轴器扭矩传感器C01', '扭矩传感器', 'TM-800C', '精密测量设备有限公司', '0-800N·m', '±0.3%', 'PROFINET',
        '{"ip":"192.168.1.103","port":502,"slaveid":3}', '电机与减速机联轴器', '2023-01-05 00:00:00',
        '2023-01-06 00:00:00', '2024-01-06 00:00:00', '0', '监测传动系统扭矩变化', 'admin', now(), '', NULL),
       (1004, '输出轴扭矩传感器D01', '扭矩传感器', 'TM-2000D', '精密测量设备有限公司', '0-2000N·m', '±0.1%',
        'EtherNet/IP', '{"ip":"192.168.1.104","port":502,"slaveid":4}', '输出轴', '2023-01-07 00:00:00',
        '2023-01-08 00:00:00', '2024-01-08 00:00:00', '0', '测量系统最终输出扭矩', 'admin', now(), '', NULL),
       (1005, '电机扭矩传感器E01', '扭矩传感器', 'TM-300E', '动力监测科技公司', '0-300N·m', '±0.4%', 'MODBUS',
        '{"ip":"192.168.1.105","port":502,"slaveid":5}', '电机输出轴', '2023-01-09 00:00:00', '2023-01-10 00:00:00',
        '2024-01-10 00:00:00', '0', '电机输出扭矩监测', 'admin', now(), '', NULL);

-- 测试数据：设备信息
INSERT INTO `device_info` (`device_id`, `device_name`, `device_type`, `model_number`, `manufacturer`, `production_date`,
                           `installation_location`, `department`, `responsible_person`, `status`, `maintenance_cycle`,
                           `last_maintenance_date`, `next_maintenance_date`, `remark`, `create_by`, `create_time`,
                           `update_by`, `update_time`)
VALUES (1001, 'CNC加工中心A', 'CNC加工中心', 'VMC-5X', '数控机床制造公司', '2022-01-01 00:00:00', '生产车间A区',
        '生产部', '张工', '0', 90, '2023-01-15 00:00:00', '2023-04-15 00:00:00', 'CNC五轴加工中心', 'admin', now(), '',
        NULL),
       (1002, '车床B', '数控车床', 'CNC-L200', '精密机床有限公司', '2022-02-01 00:00:00', '生产车间B区', '生产部',
        '李工', '0', 60, '2023-02-15 00:00:00', '2023-04-15 00:00:00', '高精度数控车床', 'admin', now(), '', NULL),
       (1003, '铣床C', '数控铣床', 'CNC-M300', '数控机床制造公司', '2022-03-01 00:00:00', '生产车间C区', '生产部',
        '王工', '0', 60, '2023-03-15 00:00:00', '2023-05-15 00:00:00', '中型数控铣床', 'admin', now(), '', NULL),
       (1004, '钻床D', '数控钻床', 'CNC-D100', '精密机床有限公司', '2022-04-01 00:00:00', '生产车间D区', '生产部',
        '赵工', '0', 30, '2023-04-01 00:00:00', '2023-05-01 00:00:00', '小型数控钻床', 'admin', now(), '', NULL),
       (1005, '磨床E', '数控磨床', 'CNC-G500', '高精度设备有限公司', '2022-05-01 00:00:00', '生产车间E区', '生产部',
        '刘工', '0', 90, '2023-03-01 00:00:00', '2023-06-01 00:00:00', '精密磨床', 'admin', now(), '', NULL);

-- 测试数据：扭矩数据（为每个设备和传感器组合生成测试数据）
-- 设备1-传感器1的数据
INSERT INTO `torque_data` (`sensor_id`, `device_id`, `torque_value`, `torque_unit`, `rpm`, `temperature`, `data_time`,
                           `data_quality`, `status`, `create_time`)
VALUES (1001, 1001, 350.25, 'N·m', 1500, 65.5, '2023-04-01 08:00:00', '0', '0', '2023-04-01 08:00:00'),
       (1001, 1001, 355.60, 'N·m', 1505, 66.2, '2023-04-01 08:30:00', '0', '0', '2023-04-01 08:30:00'),
       (1001, 1001, 360.30, 'N·m', 1510, 67.0, '2023-04-01 09:00:00', '0', '0', '2023-04-01 09:00:00'),
       (1001, 1001, 380.45, 'N·m', 1520, 68.5, '2023-04-01 09:30:00', '0', '1', '2023-04-01 09:30:00'),
       (1001, 1001, 400.80, 'N·m', 1530, 70.0, '2023-04-01 10:00:00', '0', '2', '2023-04-01 10:00:00');

-- 设备1-传感器2的数据
INSERT INTO `torque_data` (`sensor_id`, `device_id`, `torque_value`, `torque_unit`, `rpm`, `temperature`, `data_time`,
                           `data_quality`, `status`, `create_time`)
VALUES (1002, 1001, 180.25, 'N·m', 750, 55.5, '2023-04-01 08:00:00', '0', '0', '2023-04-01 08:00:00'),
       (1002, 1001, 185.60, 'N·m', 755, 56.2, '2023-04-01 08:30:00', '0', '0', '2023-04-01 08:30:00'),
       (1002, 1001, 190.30, 'N·m', 760, 57.0, '2023-04-01 09:00:00', '0', '0', '2023-04-01 09:00:00'),
       (1002, 1001, 195.45, 'N·m', 765, 58.5, '2023-04-01 09:30:00', '0', '0', '2023-04-01 09:30:00'),
       (1002, 1001, 200.80, 'N·m', 770, 60.0, '2023-04-01 10:00:00', '0', '0', '2023-04-01 10:00:00');

-- 设备2-传感器3的数据
INSERT INTO `torque_data` (`sensor_id`, `device_id`, `torque_value`, `torque_unit`, `rpm`, `temperature`, `data_time`,
                           `data_quality`, `status`, `create_time`)
VALUES (1003, 1002, 280.25, 'N·m', 1200, 60.5, '2023-04-01 08:00:00', '0', '0', '2023-04-01 08:00:00'),
       (1003, 1002, 285.60, 'N·m', 1205, 61.2, '2023-04-01 08:30:00', '0', '0', '2023-04-01 08:30:00'),
       (1003, 1002, 290.30, 'N·m', 1210, 62.0, '2023-04-01 09:00:00', '0', '0', '2023-04-01 09:00:00'),
       (1003, 1002, 295.45, 'N·m', 1215, 63.5, '2023-04-01 09:30:00', '0', '0', '2023-04-01 09:30:00'),
       (1003, 1002, 370.80, 'N·m', 1220, 65.0, '2023-04-01 10:00:00', '0', '1', '2023-04-01 10:00:00');

-- 设备3-传感器4的数据
INSERT INTO `torque_data` (`sensor_id`, `device_id`, `torque_value`, `torque_unit`, `rpm`, `temperature`, `data_time`,
                           `data_quality`, `status`, `create_time`)
VALUES (1004, 1003, 480.25, 'N·m', 900, 70.5, '2023-04-01 08:00:00', '0', '0', '2023-04-01 08:00:00'),
       (1004, 1003, 485.60, 'N·m', 905, 71.2, '2023-04-01 08:30:00', '0', '0', '2023-04-01 08:30:00'),
       (1004, 1003, 490.30, 'N·m', 910, 72.0, '2023-04-01 09:00:00', '0', '0', '2023-04-01 09:00:00'),
       (1004, 1003, 495.45, 'N·m', 915, 73.5, '2023-04-01 09:30:00', '0', '0', '2023-04-01 09:30:00'),
       (1004, 1003, 600.80, 'N·m', 920, 75.0, '2023-04-01 10:00:00', '0', '2', '2023-04-01 10:00:00');

-- 设备4-传感器5的数据
INSERT INTO `torque_data` (`sensor_id`, `device_id`, `torque_value`, `torque_unit`, `rpm`, `temperature`, `data_time`,
                           `data_quality`, `status`, `create_time`)
VALUES (1005, 1004, 120.25, 'N·m', 2000, 50.5, '2023-04-01 08:00:00', '0', '0', '2023-04-01 08:00:00'),
       (1005, 1004, 125.60, 'N·m', 2005, 51.2, '2023-04-01 08:30:00', '0', '0', '2023-04-01 08:30:00'),
       (1005, 1004, 130.30, 'N·m', 2010, 52.0, '2023-04-01 09:00:00', '0', '0', '2023-04-01 09:00:00'),
       (1005, 1004, 135.45, 'N·m', 2015, 53.5, '2023-04-01 09:30:00', '0', '0', '2023-04-01 09:30:00'),
       (1005, 1004, 140.80, 'N·m', 2020, 55.0, '2023-04-01 10:00:00', '0', '0', '2023-04-01 10:00:00');

-- 设备5-传感器1的数据（一天内的变化趋势）
INSERT INTO `torque_data` (`sensor_id`, `device_id`, `torque_value`, `torque_unit`, `rpm`, `temperature`, `data_time`,
                           `data_quality`, `status`, `create_time`)
VALUES (1001, 1005, 250.25, 'N·m', 1800, 60.5, '2023-04-01 08:00:00', '0', '0', '2023-04-01 08:00:00'),
       (1001, 1005, 255.60, 'N·m', 1805, 61.2, '2023-04-01 10:00:00', '0', '0', '2023-04-01 10:00:00'),
       (1001, 1005, 260.30, 'N·m', 1810, 62.0, '2023-04-01 12:00:00', '0', '0', '2023-04-01 12:00:00'),
       (1001, 1005, 265.45, 'N·m', 1815, 63.5, '2023-04-01 14:00:00', '0', '0', '2023-04-01 14:00:00'),
       (1001, 1005, 270.80, 'N·m', 1820, 65.0, '2023-04-01 16:00:00', '0', '0', '2023-04-01 16:00:00'),
       (1001, 1005, 275.25, 'N·m', 1820, 65.5, '2023-04-01 18:00:00', '0', '0', '2023-04-01 18:00:00'),
       (1001, 1005, 280.60, 'N·m', 1825, 66.2, '2023-04-01 20:00:00', '0', '0', '2023-04-01 20:00:00'),
       (1001, 1005, 285.30, 'N·m', 1830, 67.0, '2023-04-01 22:00:00', '0', '0', '2023-04-01 22:00:00');



